title,author,published,link,score,num_comments,category,content
URGENT: We’re one bad D.C. deal away from the era of online government censorship.,/u/Anoth3rDudehttps://www.reddit.com/user/Anoth3rDude,2026-06-10T01:39:36+00:00,https://www.reddit.com/r/technology/comments/1u1odc2/urgent_were_one_bad_dc_deal_away_from_the_era_of/,0,112860166640267271134019502639544660132323332112,hot,"<table> <tr><td> <a href=""https://www.reddit.com/r/technology/comments/1u1odc2/urgent_were_one_bad_dc_deal_away_from_the_era_of/""> <img src=""https://external-preview.redd.it/PDoNFlUSkXq-e-pQkT8B60y1sWO-bzMZi6DIjeXLK6A.jpeg?width=640&amp;crop=smart&amp;auto=webp&amp;s=267c271daf134da0a19aa50b26a39eb5"
"Judge Learns Lawyers on Both Sides of Case Used AI, Cancels Trial, Kicks Everyone Off the Case",/u/MarvelsGrantMan136https://www.reddit.com/user/MarvelsGrantMan136,2026-06-09T15:41:21+00:00,https://www.reddit.com/r/technology/comments/1u18o6n/judge_learns_lawyers_on_both_sides_of_case_used/,0,1186290912264008358148289586449667538053232136136404321186,hot,"<table> <tr><td> <a href=""https://www.reddit.com/r/technology/comments/1u18o6n/judge_learns_lawyers_on_both_sides_of_case_used/""> <img src=""https://external-preview.redd.it/cNQPSYuv2Z9wpMSe0aGv9Dj1SROXX-Woikojq2zXY2c.png?width=640&amp;crop=smart&amp;auto=webp&amp;s=d08c3b5b814be82c8f9586f4496edc6e7b"
Larry Ellison’s Net Worth Plunges $10 Billion—Falls Behind Bezos To Fifth-Richest,/u/Logical_Welder3467https://www.reddit.com/user/Logical_Welder3467,2026-06-10T00:01:41+00:00,https://www.reddit.com/r/technology/comments/1u1m82c/larry_ellisons_net_worth_plunges_10_billionfalls/,0,11821040846949264039342105688605084772331091010323234673467202606091032118210,hot,"<table> <tr><td> <a href=""https://www.reddit.com/r/technology/comments/1u1m82c/larry_ellisons_net_worth_plunges_10_billionfalls/""> <img src=""https://external-preview.redd.it/4W0ZGrXIRD84R6L94dIruoDamYn92XvLrvLaefDdXPw.jpeg?width=640&amp;crop=smart&amp;auto=webp&amp;s=3b93c42dedab10b5a688d60f508a477f"
Starlink charges $10 monthly hardware fee in move away from one-time purchases,/u/5Q91VS175DAQ4NUSBE4Uhttps://www.reddit.com/user/5Q91VS175DAQ4NUSBE4U,2026-06-10T00:39:24+00:00,https://www.reddit.com/r/technology/comments/1u1n2fd/starlink_charges_10_monthly_hardware_fee_in_move/,0,11210246615164042192201073879014267380661101032325911754459117544202606103211210,hot,"<table> <tr><td> <a href=""https://www.reddit.com/r/technology/comments/1u1n2fd/starlink_charges_10_monthly_hardware_fee_in_move/""> <img src=""https://external-preview.redd.it/M2lQvsdtV-4L6S6UHZhlwU1ToQLO5aLTS1EsAEFjoqU.jpeg?width=640&amp;crop=smart&amp;auto=webp&amp;s=42a192f201cc07b3a8790b142faa6a73"
Man jailed for a month despite Flock showing he was 5 miles from crime scene,/u/Plastic_Ninja_9014https://www.reddit.com/user/Plastic_Ninja_9014,2026-06-09T17:08:55+00:00,https://www.reddit.com/r/technology/comments/1u1b73u/man_jailed_for_a_month_despite_flock_showing_he/,0,1173399346404715695753648626329238553232901490142026065321173,hot,"<table> <tr><td> <a href=""https://www.reddit.com/r/technology/comments/1u1b73u/man_jailed_for_a_month_despite_flock_showing_he/""> <img src=""https://external-preview.redd.it/_3R-M9_VrrMY-hJy9PIRNcjD3Cx_MfmfUCTdOL4FOnk.jpeg?width=640&amp;crop=smart&amp;auto=webp&amp;s=4d71a5f6b95fc7a5f36aab4be862aef63"
"Last Month, Salesforce Announced It Hit $1.2 Billion in AI Revenue—Now It’s Laying Off Staff Tied to the Product",/u/Conscious-Quarter423https://www.reddit.com/user/Conscious-Quarter423,2026-06-09T20:16:31+00:00,https://www.reddit.com/r/technology/comments/1u1ghs0/last_month_salesforce_announced_it_hit_12_billion/,0,3232423423913584713211012,hot,"&#32; submitted by &#32; <a href=""https://www.reddit.com/user/Conscious-Quarter423""> /u/Conscious-Quarter423 </a> <br/> <span><a href=""https://www.inc.com/georgia-fearn/salesforce-announced-billion-in-ai-revenue-now-laying-off-staff-tied-to-product/91358471"">[link]</a></span> &#32; <span><a href=""ht"
"Microsoft admits Game Pass price hike drove away ""millions"" of subscribers",/u/AdSpecialist6598https://www.reddit.com/user/AdSpecialist6598,2026-06-09T12:06:12+00:00,https://www.reddit.com/r/technology/comments/1u132wq/microsoft_admits_game_pass_price_hike_drove_away/,0,1132624287640352427041878881747427554073323265986598112699321132,hot,"<table> <tr><td> <a href=""https://www.reddit.com/r/technology/comments/1u132wq/microsoft_admits_game_pass_price_hike_drove_away/""> <img src=""https://external-preview.redd.it/DjA_r-6V2hmEPOq-ji-_jpdf42Y8YSizEiQY7cbU_CQ.jpeg?width=640&amp;crop=smart&amp;auto=webp&amp;s=a35dd2d4f270418b78e8bbe81747d427"
Google just fired a warning shot in the AI subscription price wars,/u/Logical_Welder3467https://www.reddit.com/user/Logical_Welder3467,2026-06-10T02:56:17+00:00,https://www.reddit.com/r/technology/comments/1u1q1bo/google_just_fired_a_warning_shot_in_the_ai/,0,111805126590056405535217475248245752033232346734672026060932111,hot,"<table> <tr><td> <a href=""https://www.reddit.com/r/technology/comments/1u1q1bo/google_just_fired_a_warning_shot_in_the_ai/""> <img src=""https://external-preview.redd.it/O80eC5nM126OOjhyXEASivb59kMlpPhhuUFTv0ce05o.jpeg?width=640&amp;crop=smart&amp;auto=webp&amp;s=5cddb5352db1747a5af2ba48fe245f75b2f0cc"
Signal says UK plan to scan devices for nude images 'endangers us all',/u/rkhunter_https://www.reddit.com/user/rkhunter_,2026-06-09T15:51:51+00:00,https://www.reddit.com/r/technology/comments/1u18z4c/signal_says_uk_plan_to_scan_devices_for_nude/,0,3232202606095252761321184,hot,"&#32; submitted by &#32; <a href=""https://www.reddit.com/user/rkhunter_""> /u/rkhunter_ </a> <br/> <span><a href=""https://www.theregister.com/security/2026/06/09/signal-uks-child-nude-block-threat-wont-protect-children/5252761"">[link]</a></span> &#32; <span><a href=""https://www.reddit.com/r/technolog"
FCC Wants to Kill Burner Phones By Forcing Telecoms to Get All Customers’ IDs,/u/Plastic_Ninja_9014https://www.reddit.com/user/Plastic_Ninja_9014,2026-06-09T17:46:35+00:00,https://www.reddit.com/r/technology/comments/1u1ca2d/fcc_wants_to_kill_burner_phones_by_forcing/,0,1126905640250203446334162396903518430503032329014901440432112,hot,"<table> <tr><td> <a href=""https://www.reddit.com/r/technology/comments/1u1ca2d/fcc_wants_to_kill_burner_phones_by_forcing/""> <img src=""https://external-preview.redd.it/Ur6LLkgDwrxlO9rS_ZTPqyCyPq0NMNFcfXLhKjR5Jew.jpeg?width=640&amp;crop=smart&amp;auto=webp&amp;s=25eb020344633d4162396b90d3e518f430c503"
Reddit ads pose as news stories to promote AI investment scams,/u/Wagamagahttps://www.reddit.com/user/Wagamaga,2026-06-09T14:26:20+00:00,https://www.reddit.com/r/technology/comments/1u16j7f/reddit_ads_pose_as_news_stories_to_promote_ai/,0,116757768783364086021985178451189486502543233232321167,hot,"<table> <tr><td> <a href=""https://www.reddit.com/r/technology/comments/1u16j7f/reddit_ads_pose_as_news_stories_to_promote_ai/""> <img src=""https://external-preview.redd.it/pDpnRj5dyU7s_768bVTPPzxSn7JezQ8F3lM3NJqKzRs.jpeg?width=640&amp;crop=smart&amp;auto=webp&amp;s=fe86a02cd1f9b8517845118ea9b4865b025"
Meta Changed Its Speech Rules. Then Threats Against Politicians Skyrocketed,/u/Plastic_Ninja_9014https://www.reddit.com/user/Plastic_Ninja_9014,2026-06-09T21:53:44+00:00,https://www.reddit.com/r/technology/comments/1u1j4ml/meta_changed_its_speech_rules_then_threats/,0,114464072249698302349920213632329014901432114,hot,"<table> <tr><td> <a href=""https://www.reddit.com/r/technology/comments/1u1j4ml/meta_changed_its_speech_rules_then_threats/""> <img src=""https://external-preview.redd.it/vLHRxgljzbDwZSGQSMBsbjcRzkTSGeOyya4rjrgeOYY.jpeg?width=640&amp;crop=smart&amp;auto=webp&amp;s=c7e2fbee24eb969830fc2e34d9bdd9a20b2c1e"
New York Passes Legislation Requiring AI Disclosures in News Content,/u/MarvelsGrantMan136https://www.reddit.com/user/MarvelsGrantMan136,2026-06-09T15:55:44+00:00,https://www.reddit.com/r/technology/comments/1u1934l/new_york_passes_legislation_requiring_ai/,0,1193479837386409542904673589801948827732321361363211934,hot,"<table> <tr><td> <a href=""https://www.reddit.com/r/technology/comments/1u1934l/new_york_passes_legislation_requiring_ai/""> <img src=""https://external-preview.redd.it/Nhu7ofzHPbA9RWeUXIkjhyGSLEZ_IJ83FO7VK3InVo8.jpeg?width=640&amp;crop=smart&amp;auto=webp&amp;s=9c54be290bd4b6c7358bc98db0194a8b8cbef277"
"NVIDIA challenger D-Matrix claims AI chip 10 times faster than GPU using 5 times less energy, skips DRAM for SRAM",/u/Shiningc00https://www.reddit.com/user/Shiningc00,2026-06-09T21:26:29+00:00,https://www.reddit.com/r/technology/comments/1u1ieqn/nvidia_challenger_dmatrix_claims_ai_chip_10_times/,0,1110855686409241694899732850632025251051053232000020260609321110,hot,"<table> <tr><td> <a href=""https://www.reddit.com/r/technology/comments/1u1ieqn/nvidia_challenger_dmatrix_claims_ai_chip_10_times/""> <img src=""https://external-preview.redd.it/mYU85EBK5F6qUMjTLGmUCmOLc-XBfkZah-K8xIbNKDs.jpeg?width=640&amp;crop=smart&amp;auto=webp&amp;s=a924ee1a69c48b997e3285fc0edba63"
"""Sloppenheimer"" - Amazon Employees Mock the Company’s AI on Slack",/u/inthetownwherehttps://www.reddit.com/user/inthetownwhere,2026-06-09T19:15:30+00:00,https://www.reddit.com/r/technology/comments/1u1est9/sloppenheimer_amazon_employees_mock_the_companys/,0,1197938462640262223565637840242399786659323240432119,hot,"<table> <tr><td> <a href=""https://www.reddit.com/r/technology/comments/1u1est9/sloppenheimer_amazon_employees_mock_the_companys/""> <img src=""https://external-preview.redd.it/ES7sbtANOd9NDHesnf3UZjrc84TLgj6aRzngZJzz2cg.jpeg?width=640&amp;crop=smart&amp;auto=webp&amp;s=2b62d22e3b5ee65a637e8cd4d0242399"
Tests suggest Russian satellites can jam GPS on a continental scale | Mystery of GPS interference across Europe raises questions about Russian motives,/u/Hrmbeehttps://www.reddit.com/user/Hrmbee,2026-06-09T13:17:05+00:00,https://www.reddit.com/r/technology/comments/1u14qb8/tests_suggest_russian_satellites_can_jam_gps_on_a/,0,1148565524640459895598258209879964463232202606321148,hot,"<table> <tr><td> <a href=""https://www.reddit.com/r/technology/comments/1u14qb8/tests_suggest_russian_satellites_can_jam_gps_on_a/""> <img src=""https://external-preview.redd.it/BSOVrSirizIwG5zTIS6PmXppihT55tuJBYDwPEHA2t4.jpeg?width=640&amp;crop=smart&amp;auto=webp&amp;s=4f5f9bb8ca955982582ebf0cf9879a9"
Seattle enacts year-long ban on new AI datacenters,/u/spherocyteshttps://www.reddit.com/user/spherocytes,2026-06-10T04:16:17+00:00,https://www.reddit.com/r/technology/comments/1u1rons/seattle_enacts_yearlong_ban_on_new_ai_datacenters/,0,11758543864057905652850295617786558632322026093211,hot,"<table> <tr><td> <a href=""https://www.reddit.com/r/technology/comments/1u1rons/seattle_enacts_yearlong_ban_on_new_ai_datacenters/""> <img src=""https://external-preview.redd.it/Mk7g58i5vPa-_RAKDAVdm4Fu3wThiKWxbEEyPPDgU8E.jpeg?width=640&amp;crop=smart&amp;auto=webp&amp;s=bfc5ede79b056e5e2afc850295a61f7"
Anthropic releases Mythos-like AI model to the public two months after private rollout rocked Wall Street,/u/Vegeta9001https://www.reddit.com/user/Vegeta9001,2026-06-09T17:12:14+00:00,https://www.reddit.com/r/technology/comments/1u1bai8/anthropic_releases_mythoslike_ai_model_to_the/,0,118925117976401260665193317714607731183060032329001900120260609532118,hot,"<table> <tr><td> <a href=""https://www.reddit.com/r/technology/comments/1u1bai8/anthropic_releases_mythoslike_ai_model_to_the/""> <img src=""https://external-preview.redd.it/vu9xY2H5BhW1U1F7EJ9rOhHc7QQyxBJvYdqEJuDAfcs.jpeg?width=640&amp;crop=smart&amp;auto=webp&amp;s=1c260665b1a93d31d77f14d60773d1c1830"
It’s Possible That SpaceX Could Collapse Spectacularly,/u/IKeepItLayingAroundhttps://www.reddit.com/user/IKeepItLayingAround,2026-06-09T01:15:00+00:00,https://www.reddit.com/r/technology/comments/1u0qsk2/its_possible_that_spacex_could_collapse/,0,1020660264004219683109780854878232323215500017732102,hot,"<table> <tr><td> <a href=""https://www.reddit.com/r/technology/comments/1u0qsk2/its_possible_that_spacex_could_collapse/""> <img src=""https://external-preview.redd.it/C0nUytQqPtxIO6eTs6EJibh0xMtPiIbrGsvcbPnEy2I.jpeg?width=640&amp;crop=smart&amp;auto=webp&amp;s=c04219de683c10c9a7e8085de4ca878adaa2ca32"""
Smart Glasses Would Legally Require a Recording Light Under Proposed Law,/u/lurker_beehttps://www.reddit.com/user/lurker_bee,2026-06-09T00:18:16+00:00,https://www.reddit.com/r/technology/comments/1u0pjxn/smart_glasses_would_legally_require_a_recording/,0,10977458640733284897418712433495357323220007686943210,hot,"<table> <tr><td> <a href=""https://www.reddit.com/r/technology/comments/1u0pjxn/smart_glasses_would_legally_require_a_recording/""> <img src=""https://external-preview.redd.it/FUqLGlnyYh9u7nD_7vGWFcYoJMAf4zoG5wzEYILoJi8.jpeg?width=640&amp;crop=smart&amp;auto=webp&amp;s=7332a8fe4bfa8974187a1d243c34fe953"
Palantir to sue Sadiq Khan over blocked Met police contract,/u/Bitter-Train-5961https://www.reddit.com/user/Bitter-Train-5961,2026-06-09T14:32:14+00:00,https://www.reddit.com/r/technology/comments/1u16oum/palantir_to_sue_sadiq_khan_over_blocked_met/,0,116493757225264083544605354830005438324749632325961596132116,hot,"<table> <tr><td> <a href=""https://www.reddit.com/r/technology/comments/1u16oum/palantir_to_sue_sadiq_khan_over_blocked_met/""> <img src=""https://external-preview.redd.it/HJTFJ4A-MHx9Jt3xsoy75Vy7yeXbePpT22Ve5Sj2oPA.jpeg?width=640&amp;crop=smart&amp;auto=webp&amp;s=83544d605354f8ee3a0f0ad0543832e474f9c"
"The Apple Car Is Dead, and Waymo Just Bought Its Gravesite",/u/Logical_Welder3467https://www.reddit.com/user/Logical_Welder3467,2026-06-09T23:18:08+00:00,https://www.reddit.com/r/technology/comments/1u1l7f0/the_apple_car_is_dead_and_waymo_just_bought_its/,0,11702504594368564070997368739786955695813232346734672000769695321170,hot,"<table> <tr><td> <a href=""https://www.reddit.com/r/technology/comments/1u1l7f0/the_apple_car_is_dead_and_waymo_just_bought_its/""> <img src=""https://external-preview.redd.it/g2WcM_e5Gl0Fww4a5qV9oaWqUw4Eo3UUId6SE8ZRG5I.jpeg?width=640&amp;crop=smart&amp;auto=webp&amp;s=ba709c973687de3cecf9786955695ceda"
AI Traffic Cameras in Greece Face 90% Error Rate in Trials,/u/New-Ranger-8960https://www.reddit.com/user/New-Ranger-8960,2026-06-09T16:11:52+00:00,https://www.reddit.com/r/technology/comments/1u19jw5/ai_traffic_cameras_in_greece_face_90_error_rate/,0,119590958487114614640318308247493316236179590903232896089609032119590,hot,"<table> <tr><td> <a href=""https://www.reddit.com/r/technology/comments/1u19jw5/ai_traffic_cameras_in_greece_face_90_error_rate/""> <img src=""https://external-preview.redd.it/9hEk5NguOreIaZ-8N4VGVS8L7CfYk1wOd1D4N6p1Dn4.jpeg?width=640&amp;crop=smart&amp;auto=webp&amp;s=fd3de1e8f30824e749b33162de3ed6c1b"
Paramount Accuses Netflix of ‘Panic-Level’ ‘Scorched-Earth Campaign’ to ‘Poison’ Regulators Against Warner Bros. Deal,/u/yourfavchoomhttps://www.reddit.com/user/yourfavchoom,2026-06-09T16:25:47+00:00,https://www.reddit.com/r/technology/comments/1u19ye7/paramount_accuses_netflix_of_paniclevel/,0,1197066405533393299917642298246650323220261236770230321197,hot,"<table> <tr><td> <a href=""https://www.reddit.com/r/technology/comments/1u19ye7/paramount_accuses_netflix_of_paniclevel/""> <img src=""https://external-preview.redd.it/Fd0rTuDRhXieijYCptbsEADnGaRUrJcdJywsC6DiNwI.jpeg?width=640&amp;crop=smart&amp;auto=webp&amp;s=db55c333f932eefa999e1764df22b98f2bc46650"""
"OpenAI joins the great dash for AI cash. Pity the maths doesn’t work — IPOs of OpenAI, Anthropic, SpaceX expect investors to suspend disbelief and the normal rules of economics and finance",/u/marketrenthttps://www.reddit.com/user/marketrent,2026-06-09T18:27:09+00:00,https://www.reddit.com/r/technology/comments/1u1dfps/openai_joins_the_great_dash_for_ai_cash_pity_the/,0,1120864071892013560459711502148832322026060960543211,hot,"<table> <tr><td> <a href=""https://www.reddit.com/r/technology/comments/1u1dfps/openai_joins_the_great_dash_for_ai_cash_pity_the/""> <img src=""https://external-preview.redd.it/BVJX2VxoxqTnSDBRpPTtMOVQbPFuGmCUyOuzL_te0J8.jpeg?width=640&amp;crop=smart&amp;auto=webp&amp;s=c71ed8a920fbb1356dff04b5d9a7b115"
Linux developers are using AI vibe coding to keep vintage AMD GPUs alive — R600 driver cleaned up with GitHub Copilot gives HD 2000 to HD 6000 series a new lease of life,/u/ControlCADhttps://www.reddit.com/user/ControlCAD,2026-06-10T04:44:18+00:00,https://www.reddit.com/r/technology/comments/1u1s7nf/linux_developers_are_using_ai_vibe_coding_to_keep/,0,11767380464045383115242640672922800600200060006002000600032326002000600032117,hot,"<table> <tr><td> <a href=""https://www.reddit.com/r/technology/comments/1u1s7nf/linux_developers_are_using_ai_vibe_coding_to_keep/""> <img src=""https://external-preview.redd.it/K67sYcFvApRbHUIKncQqk3yUbMEteluJlfR8n04MBlg.jpeg?width=640&amp;crop=smart&amp;auto=webp&amp;s=caa45be38dafd311ebe52eb4b26406c"
"Apple tried to blame the EU for its Siri AI mess, and the EU called them out publicly",/u/Federal-Block-3275https://www.reddit.com/user/Federal-Block-3275,2026-06-09T16:02:23+00:00,https://www.reddit.com/r/technology/comments/1u199zk/apple_tried_to_blame_the_eu_for_its_siri_ai_mess/,0,323232753275202606321199,hot,"&#32; submitted by &#32; <a href=""https://www.reddit.com/user/Federal-Block-3275""> /u/Federal-Block-3275 </a> <br/> <span><a href=""https://www.androidheadlines.com/2026/06/apple-tried-to-blame-the-eu-for-its-siri-ai-mess-and-the-eu-called-them-out-publicly.html"">[link]</a></span> &#32; <span><a href"
"macOS 27 requires Apple Silicon, as Apple draws down the Intel Mac era",/u/fudge_uhttps://www.reddit.com/user/fudge_u,2026-06-09T19:43:46+00:00,https://www.reddit.com/r/technology/comments/1u1fl7k/macos_27_requires_apple_silicon_as_apple_draws/,0,11727289361640364930718776291382585627273232202606273211727,hot,"<table> <tr><td> <a href=""https://www.reddit.com/r/technology/comments/1u1fl7k/macos_27_requires_apple_silicon_as_apple_draws/""> <img src=""https://external-preview.redd.it/NOp2u8qlRSxCGLmH9UqCeLvPRlU3VEoO61EkTKSdfbI.jpeg?width=640&amp;crop=smart&amp;auto=webp&amp;s=aceaef3bf6dbc493edb071a87762fc9c13"
Here's the standard severance package Salesforce offers laid-off US employees,/u/Logical_Welder3467https://www.reddit.com/user/Logical_Welder3467,2026-06-09T23:16:13+00:00,https://www.reddit.com/r/technology/comments/1u1l5ry/heres_the_standard_severance_package_salesforce/,0,115159743427406400005622064671097015808483232346734672026632115,hot,"<table> <tr><td> <a href=""https://www.reddit.com/r/technology/comments/1u1l5ry/heres_the_standard_severance_package_salesforce/""> <img src=""https://external-preview.redd.it/1HXoSji5iTZVyPmePYEuvcK9W7O4de3x4T27Aco4Jg0.jpeg?width=640&amp;crop=smart&amp;auto=webp&amp;s=000db5cde622b0e646d71ac0bc9701eaf"
Meta Furious Over Bombshell Smart Glasses Revelation,/u/IKeepItLayingAroundhttps://www.reddit.com/user/IKeepItLayingAround,2026-06-08T19:29:47+00:00,https://www.reddit.com/r/technology/comments/1u0i5h4/meta_furious_over_bombshell_smart_glasses/,0,10548494548640143698411951644400213232151912446321054,hot,"<table> <tr><td> <a href=""https://www.reddit.com/r/technology/comments/1u0i5h4/meta_furious_over_bombshell_smart_glasses/""> <img src=""https://external-preview.redd.it/R8r4WyUBgwy9zxWtWmiPS4DC5O4_HUZDLJGozoVNwq8.jpeg?width=640&amp;crop=smart&amp;auto=webp&amp;s=f1eeea4369ce8eeadf4cca11f95ec1644400fe2"
Amazon employees ask Seattle to put the brakes on new data centers | The tech giant’s employees were among dozens testifying in support of a one-year moratorium on new projects,/u/Hrmbeehttps://www.reddit.com/user/Hrmbee,2026-06-09T13:44:24+00:00,https://www.reddit.com/r/technology/comments/1u15ey5/amazon_employees_ask_seattle_to_put_the_brakes_on/,0,115506489464002233587112342030907643232945809321155,hot,"<table> <tr><td> <a href=""https://www.reddit.com/r/technology/comments/1u15ey5/amazon_employees_ask_seattle_to_put_the_brakes_on/""> <img src=""https://external-preview.redd.it/DnimpzIgiP0lQQBlXUQTEtG6bjiOhMkUA4Nx8XH_k94.jpeg?width=640&amp;crop=smart&amp;auto=webp&amp;s=0223decd35871c123d4dd20309ade07"
"Christine Van Geyn: Privacy isn't a crime, but Bill C-22 acts like it is",/u/SaveDnet-FRed0https://www.reddit.com/user/SaveDnet-FRed0,2026-06-09T18:01:00+00:00,https://www.reddit.com/r/technology/comments/1u1con0/christine_van_geyn_privacy_isnt_a_crime_but_bill/,0,110437271864020840633493466792197055338622223232002232110,hot,"<table> <tr><td> <a href=""https://www.reddit.com/r/technology/comments/1u1con0/christine_van_geyn_privacy_isnt_a_crime_but_bill/""> <img src=""https://external-preview.redd.it/Y-fS4qJgNoK3gg7nDwZ2m7xCE_bdYD1I-VOWSvZ8ySI.jpeg?width=640&amp;crop=smart&amp;auto=webp&amp;s=2de0a84eff0f6334934ab66e7921b970"
Four suspects identified in Finland undersea cable damage investigation — criminal case referred to prosecutors for consideration of charges | It’s the second Finnish anchor-drag incident to reach prosecution.,/u/ControlCADhttps://www.reddit.com/user/ControlCAD,2026-06-09T21:02:39+00:00,https://www.reddit.com/r/technology/comments/1u1hrml/four_suspects_identified_in_finland_undersea/,0,119690620184564035039593259187934993517773332323211,hot,"<table> <tr><td> <a href=""https://www.reddit.com/r/technology/comments/1u1hrml/four_suspects_identified_in_finland_undersea/""> <img src=""https://external-preview.redd.it/X96m9IE0JJqyWXxjPkW6FTexKc2p01Bvl8A45-EvLtw.jpeg?width=640&amp;crop=smart&amp;auto=webp&amp;s=3503e95a93f259d18f793f49e935b17c773a"
Pennsylvania lawmaker seeks ‘visual indicator’ if smart glasses are recording,/u/Ganrokhhttps://www.reddit.com/user/Ganrokh,2026-06-08T17:07:43+00:00,https://www.reddit.com/r/technology/comments/1u0dzs2/pennsylvania_lawmaker_seeks_visual_indicator_if/,0,102545640068142501794911085345064532322732102,hot,"<table> <tr><td> <a href=""https://www.reddit.com/r/technology/comments/1u0dzs2/pennsylvania_lawmaker_seeks_visual_indicator_if/""> <img src=""https://external-preview.redd.it/GfzZ5ZQCPOCo4FlPBltU5okxzSUGFQWMfaBMFBALyCw.jpeg?width=640&amp;crop=smart&amp;auto=webp&amp;s=ffa06814c25017c9d4911e0b8c534506d"
Most new U.S. AI data centers are being built in drought zones — two-thirds of 809 planned projects set for areas with water shortages,/u/Plastic_Ninja_9014https://www.reddit.com/user/Plastic_Ninja_9014,2026-06-09T08:11:00+00:00,https://www.reddit.com/r/technology/comments/1u0yt3t/most_new_us_ai_data_centers_are_being_built_in/,0,10313048787640644213479909493287541809809323290149014389689732103,hot,"<table> <tr><td> <a href=""https://www.reddit.com/r/technology/comments/1u0yt3t/most_new_us_ai_data_centers_are_being_built_in/""> <img src=""https://external-preview.redd.it/ZbGk1ryS30mvmCZxQmLw_pZ_YhcUwj4y8JJm7R87-kQ.jpeg?width=640&amp;crop=smart&amp;auto=webp&amp;s=f644c2c1f3b4ae79fdfa90af94b93b28f7"
Meta Deletes Face-Recognition System From Its Smart Glasses App After WIRED Report,/u/Plastic_Ninja_9014https://www.reddit.com/user/Plastic_Ninja_9014,2026-06-08T19:00:30+00:00,https://www.reddit.com/r/technology/comments/1u0hase/meta_deletes_facerecognition_system_from_its/,0,10516646402393840308721879047166173232901490143210,hot,"<table> <tr><td> <a href=""https://www.reddit.com/r/technology/comments/1u0hase/meta_deletes_facerecognition_system_from_its/""> <img src=""https://external-preview.redd.it/ZuYLpBm5G1rkjAUdMtE6VPw_Qo6mbr4xOXjPBLhDMNE.jpeg?width=640&amp;crop=smart&amp;auto=webp&amp;s=b239384f03e08cc7b218d790bfaba4a7db1d"
You Can Now Get a Religious Exemption From Using AI at Work,/u/IKeepItLayingAroundhttps://www.reddit.com/user/IKeepItLayingAround,2026-06-09T00:48:26+00:00,https://www.reddit.com/r/technology/comments/1u0q7lp/you_can_now_get_a_religious_exemption_from_using/,0,107049424640484170774030766826601167963323220010542232107,hot,"<table> <tr><td> <a href=""https://www.reddit.com/r/technology/comments/1u0q7lp/you_can_now_get_a_religious_exemption_from_using/""> <img src=""https://external-preview.redd.it/FM0aFfMgGlsxJCvKF4g9g4NLGMdl2oYxx4sl_iFcjTE.jpeg?width=640&amp;crop=smart&amp;auto=webp&amp;s=4cdffc8b417a0774f03076dfc68266bb"
Microsoft AI chief walks back comments about AI taking over white-collar work,/u/joe4942https://www.reddit.com/user/joe4942,2026-06-09T15:25:15+00:00,https://www.reddit.com/r/technology/comments/1u1873y/microsoft_ai_chief_walks_back_comments_about_ai/,0,11873248241476405206684140923277133232494249429468793211873,hot,"<table> <tr><td> <a href=""https://www.reddit.com/r/technology/comments/1u1873y/microsoft_ai_chief_walks_back_comments_about_ai/""> <img src=""https://external-preview.redd.it/24IMfg8mqRPhiqi2bX4WhoCUVY1TijE4L7VWhhHnXmc.jpeg?width=640&amp;crop=smart&amp;auto=webp&amp;s=52eb0668b4ebabcaee1a40fcd9e2e3b2d"
Donut Lab's 'solid-state' battery exposed as regular li-ion in damning investigation,/u/kikimaru024https://www.reddit.com/user/kikimaru024,2026-06-09T01:52:49+00:00,https://www.reddit.com/r/technology/comments/1u0rm4x/donut_labs_solidstate_battery_exposed_as_regular/,0,104187640114730998394119652898583387132320240242026060832104,hot,"<table> <tr><td> <a href=""https://www.reddit.com/r/technology/comments/1u0rm4x/donut_labs_solidstate_battery_exposed_as_regular/""> <img src=""https://external-preview.redd.it/-svpOuIiHP-q1flBaDMXS8utZNuhJqJypLcqu7SjvNE.jpeg?width=640&amp;crop=smart&amp;auto=webp&amp;s=1147bf309983caa941196528c98b5e83"
"The iPhone lowered the birth rate, new paper finds",/u/thejoshwhitehttps://www.reddit.com/user/thejoshwhite,2026-06-09T14:29:28+00:00,https://www.reddit.com/r/technology/comments/1u16m9k/the_iphone_lowered_the_birth_rate_new_paper_finds/,0,116937914717486409742186490713755520501043323220260609321169,hot,"<table> <tr><td> <a href=""https://www.reddit.com/r/technology/comments/1u16m9k/the_iphone_lowered_the_birth_rate_new_paper_finds/""> <img src=""https://external-preview.redd.it/BA_P3F-Nn7PjVrE9-1D4GRTHWPt7LOLE1Btfti7H4n8.jpeg?width=640&amp;crop=smart&amp;auto=webp&amp;s=9ad7e4f2a1fdc8a6a4a907cb1375552"
Sam Altman's eye-scanning startup is laying off employees,/u/Plastic_Ninja_9014https://www.reddit.com/user/Plastic_Ninja_9014,2026-06-09T07:28:39+00:00,https://www.reddit.com/r/technology/comments/1u0y3tk/sam_altmans_eyescanning_startup_is_laying_off/,0,10378346401057237989497248181329763232901490142026632103,hot,"<table> <tr><td> <a href=""https://www.reddit.com/r/technology/comments/1u0y3tk/sam_altmans_eyescanning_startup_is_laying_off/""> <img src=""https://external-preview.redd.it/TrMjpGCZqCfxwzz7dnHmyMCwjGxP8fLQjFfXTDrv3p4.jpeg?width=640&amp;crop=smart&amp;auto=webp&amp;s=e10d5723cacf79dc894c9e72fef481ea813"
Working class neighborhoods are resisting data centers at 5 times the rate of wealthy ones,/u/inthetownwherehttps://www.reddit.com/user/inthetownwhere,2026-06-08T15:00:20+00:00,https://www.reddit.com/r/technology/comments/1u0aezv/working_class_neighborhoods_are_resisting_data/,0,102768086402991387780902737816067036337821245532323210,hot,"<table> <tr><td> <a href=""https://www.reddit.com/r/technology/comments/1u0aezv/working_class_neighborhoods_are_resisting_data/""> <img src=""https://external-preview.redd.it/2pp7XA6_EFCwlep8S0SlFhuk-nXptX8FdHezzQrmW_U.jpeg?width=640&amp;crop=smart&amp;auto=webp&amp;s=c299138778b0902a737816067d0363c37c"
"A Farmer Donated Land to Turn into a Park. The City Is Building a Massive Data Center Instead / In 1999, a farmer gave away 87 acres of land to a small Texas town to use as a park. The town sold it to a data center developer for $10 million.",/u/MarvelsGrantMan136https://www.reddit.com/user/MarvelsGrantMan136,2026-06-08T13:02:21+00:00,https://www.reddit.com/r/technology/comments/1u079ks/a_farmer_donated_land_to_turn_into_a_park_the/,0,1079106134776408084240565726556276654229019998710199987103232136136404321079,hot,"<table> <tr><td> <a href=""https://www.reddit.com/r/technology/comments/1u079ks/a_farmer_donated_land_to_turn_into_a_park_the/""> <img src=""https://external-preview.redd.it/kAEojuzsn1Hp0SmCkLApDXFNoXG6DW1f34UhAt7n7hQ.jpeg?width=640&amp;crop=smart&amp;auto=webp&amp;s=808e42405f65cf72a6ca5b5fe6f27f66542"
Massachusetts votes to pass new privacy rights bill that bans sale of precise location data,/u/Plastic_Ninja_9014https://www.reddit.com/user/Plastic_Ninja_9014,2026-06-08T17:00:29+00:00,https://www.reddit.com/r/technology/comments/1u0ds6l/massachusetts_votes_to_pass_new_privacy_rights/,0,106661141376406511427393504759119229900393232901490142026060832106,hot,"<table> <tr><td> <a href=""https://www.reddit.com/r/technology/comments/1u0ds6l/massachusetts_votes_to_pass_new_privacy_rights/""> <img src=""https://external-preview.redd.it/qZwM66D1b1ayDCLd_UEL4AcXK1T3Cho7juHwcihGjog.jpeg?width=640&amp;crop=smart&amp;auto=webp&amp;s=6b51142a73b9c35e047f5911bb9229e900"
"MIT astronomers discover the earliest known flickering quasar: « When the universe was just 850 million years old, this voracious black hole was already surprisingly mature, a new study finds. »",/u/fchunghttps://www.reddit.com/user/fchung,2026-06-09T20:12:35+00:00,https://www.reddit.com/r/technology/comments/1u1gdo2/mit_astronomers_discover_the_earliest_known/,0,112456164035609615982499246704181606485085032322026060832112,hot,"<table> <tr><td> <a href=""https://www.reddit.com/r/technology/comments/1u1gdo2/mit_astronomers_discover_the_earliest_known/""> <img src=""https://external-preview.redd.it/qhC_Zo4pYWYnG5uLdNmpVuALOXorHhoZmOg6ZE1KueY.jpeg?width=640&amp;crop=smart&amp;auto=webp&amp;s=3d560b961aa5982bcd49924670a418b1e6cc0"
AI is supercharging cyberattacks—and most companies aren’t ready,/u/Plastic_Ninja_9014https://www.reddit.com/user/Plastic_Ninja_9014,2026-06-09T19:45:04+00:00,https://www.reddit.com/r/technology/comments/1u1fmja/ai_is_supercharging_cyberattacksand_most/,0,114318344640056118617359679487995323290149014202606093211,hot,"<table> <tr><td> <a href=""https://www.reddit.com/r/technology/comments/1u1fmja/ai_is_supercharging_cyberattacksand_most/""> <img src=""https://external-preview.redd.it/qu_JX4X3udmPjyhf1gFOiXPCQN8zeh3z4uQsgvxfU4Y.jpeg?width=640&amp;crop=smart&amp;auto=webp&amp;s=ac056bce1c186ad1a73596d7e9a4bac87ae9b9b5"
India withhold final clearances for Starlink launch over national security concerns,/u/Familiar-Ability6383https://www.reddit.com/user/Familiar-Ability6383,2026-06-09T16:16:17+00:00,https://www.reddit.com/r/technology/comments/1u19oj4/india_withhold_final_clearances_for_starlink/,0,119438501464052371419235911538585432326383638320260609321194,hot,"<table> <tr><td> <a href=""https://www.reddit.com/r/technology/comments/1u19oj4/india_withhold_final_clearances_for_starlink/""> <img src=""https://external-preview.redd.it/NYJFKybUVc3TWflmlFIM85xr0GxiBdekAtpRi1WtZj4.jpeg?width=640&amp;crop=smart&amp;auto=webp&amp;s=523c71af41923e5edbf91d1a53ddde8add58"
Pokémon Go data ‘exploited to develop navigation’ for military drones,/u/Tyranish40khttps://www.reddit.com/user/Tyranish40k,2026-06-09T11:22:07+00:00,https://www.reddit.com/r/technology/comments/1u125rt/pokémon_go_data_exploited_to_develop_navigation/,0,1125141428640974682251407771782245873803183232404093715244321125,hot,"<table> <tr><td> <a href=""https://www.reddit.com/r/technology/comments/1u125rt/pokémon_go_data_exploited_to_develop_navigation/""> <img src=""https://external-preview.redd.it/MvbD1qdeUNiZN4GboI1wxTprvB4imn_v2PKdxfLnih8.jpeg?width=640&amp;crop=smart&amp;auto=webp&amp;s=ccd974682251407bb7717d8f22e458b73"
Al Leaders Are Cosplaying James Bond Villains,/u/Just-Grocery-2229https://www.reddit.com/user/Just-Grocery-2229,2026-06-08T20:24:29+00:00,https://www.reddit.com/r/technology/comments/1u0jozt/al_leaders_are_cosplaying_james_bond_villains/,0,103989510986409761326100815249298483844444323222292229202606083210,hot,"<table> <tr><td> <a href=""https://www.reddit.com/r/technology/comments/1u0jozt/al_leaders_are_cosplaying_james_bond_villains/""> <img src=""https://external-preview.redd.it/Wb3xHGTcWnAke9Ulq8PECmJDdM9a51qe09-dkeZJH8A.jpeg?width=640&amp;crop=smart&amp;auto=webp&amp;s=9761c32a61008a1ce52f49ae298f4a83d84"
China Preps $295 Billion Plan to Fund Nationwide AI Buildout,/u/Logical_Welder3467https://www.reddit.com/user/Logical_Welder3467,2026-06-09T12:37:25+00:00,https://www.reddit.com/r/technology/comments/1u13rs4/china_preps_295_billion_plan_to_fund_nationwide/,0,1134295791164093419853731188491759927229529532323467346720260609295321134295,hot,"<table> <tr><td> <a href=""https://www.reddit.com/r/technology/comments/1u13rs4/china_preps_295_billion_plan_to_fund_nationwide/""> <img src=""https://external-preview.redd.it/O-D7LlncdpSdtgyNwHqpW9uv_1pfFYGcZJyb1LOOQpc.jpeg?width=640&amp;crop=smart&amp;auto=webp&amp;s=9b3419853ff7311e8e8491e759c9edbdd"
"Anthropic rolls out Claude Fable 5, but it's available for a limited time",/u/sunychoudharyhttps://www.reddit.com/user/sunychoudhary,2026-06-10T06:36:36+00:00,https://www.reddit.com/r/technology/comments/1u1uah6/anthropic_rolls_out_claude_fable_5_but_its/,0,116507795640000233703361483392318855532325321165,new,"<table> <tr><td> <a href=""https://www.reddit.com/r/technology/comments/1u1uah6/anthropic_rolls_out_claude_fable_5_but_its/""> <img src=""https://external-preview.redd.it/Azp0qJubhgOvbbmPXGao7BAF7_prGpVyOxV9x5EMxlU.png?width=640&amp;crop=smart&amp;auto=webp&amp;s=0b002eb33c7aaeb033ecf6a1e48aa3392c3f188"
Will Apple’s AI Finally Be Able to Turn That Frown Upside Down?,/u/Few_Baseball_3835https://www.reddit.com/user/Few_Baseball_3835,2026-06-10T05:16:09+00:00,https://www.reddit.com/r/technology/comments/1u1stu1/will_apples_ai_finally_be_able_to_turn_that_frown/,0,1110585564054742880885596186903232383538352026060932111,new,"<table> <tr><td> <a href=""https://www.reddit.com/r/technology/comments/1u1stu1/will_apples_ai_finally_be_able_to_turn_that_frown/""> <img src=""https://external-preview.redd.it/0LmELVNtxop58iwRtxPcgk5cBLeFh_5KcACcCoTN_Ek.jpeg?width=640&amp;crop=smart&amp;auto=webp&amp;s=5e47ec42df8d8d0e8c8d55d9c6ab186"
"Windows 11's CPU performance boost released today, enable it using these steps",/u/Quantum-Coconuthttps://www.reddit.com/user/Quantum-Coconut,2026-06-10T03:22:06+00:00,https://www.reddit.com/r/technology/comments/1u1ql74/windows_11s_cpu_performance_boost_released_today/,0,11741116064009782288952697411226521311113232202606101132117411,new,"<table> <tr><td> <a href=""https://www.reddit.com/r/technology/comments/1u1ql74/windows_11s_cpu_performance_boost_released_today/""> <img src=""https://external-preview.redd.it/iGr1RRL_mQrC6K-hN_wDoiPOyQzwrfti0KLhRniHRYE.jpeg?width=640&amp;crop=smart&amp;auto=webp&amp;s=eb0f97822b8cd89c5269caf7d4112db2"
Palantir software halves sepsis deaths at US hospital,/u/ripcitybitchhttps://www.reddit.com/user/ripcitybitch,2026-06-10T01:15:47+00:00,https://www.reddit.com/r/technology/comments/1u1nv44/palantir_software_halves_sepsis_deaths_at_us/,0,323283321144,new,"&#32; submitted by &#32; <a href=""https://www.reddit.com/user/ripcitybitch""> /u/ripcitybitch </a> <br/> <span><a href=""https://www.thetimes.com/uk/healthcare/article/palantir-software-halves-sepsis-deaths-hospital-tampa-bmbk83pdq"">[link]</a></span> &#32; <span><a href=""https://www.reddit.com/r/techn"
Blue books won’t save our children from AI. They do not answer the harder question: What is the purpose of public education when every child has near-infinite knowledge and intelligence in their pocket?,/u/ubcstaffer123https://www.reddit.com/user/ubcstaffer123,2026-06-09T23:32:26+00:00,https://www.reddit.com/r/technology/comments/1u1ljkr/blue_books_wont_save_our_children_from_ai_they_do/,0,11484932368640446496273766258847934306170088323212312359157473211,new,"<table> <tr><td> <a href=""https://www.reddit.com/r/technology/comments/1u1ljkr/blue_books_wont_save_our_children_from_ai_they_do/""> <img src=""https://external-preview.redd.it/-LoCfBGR-BYgp48NHzQe4wmz_X9YL32USu3A-x68vCM.jpeg?width=640&amp;crop=smart&amp;auto=webp&amp;s=4d46b49627c37e6cb62588479343061"
"Claude Fable 5 is here, and the tradeoffs are visible from the first prompt",/u/Logical_Welder3467https://www.reddit.com/user/Logical_Welder3467,2026-06-09T23:30:59+00:00,https://www.reddit.com/r/technology/comments/1u1lico/claude_fable_5_is_here_and_the_tradeoffs_are/,0,1154922472640862165194602137859390255323234673467532115,new,"<table> <tr><td> <a href=""https://www.reddit.com/r/technology/comments/1u1lico/claude_fable_5_is_here_and_the_tradeoffs_are/""> <img src=""https://external-preview.redd.it/Yc4BPF9suANkHC2tQ2-nPR47ThtNXTPUrCTDLm2jhrc.png?width=640&amp;crop=smart&amp;auto=webp&amp;s=86bf21c6b5e194aea60d2c1ae37d85f93902f"
Smartphones broke dating. AI might finish the job.,/u/ubcstaffer123https://www.reddit.com/user/ubcstaffer123,2026-06-09T23:29:48+00:00,https://www.reddit.com/r/technology/comments/1u1lhcl/smartphones_broke_dating_ai_might_finish_the_job/,0,11505006976640984561843467687515870248932321231234911673211,new,"<table> <tr><td> <a href=""https://www.reddit.com/r/technology/comments/1u1lhcl/smartphones_broke_dating_ai_might_finish_the_job/""> <img src=""https://external-preview.redd.it/Q50mU5GXY006UZOT9EXaDsLOWt7ZXBeW6OcduK-BJeo.jpeg?width=640&amp;crop=smart&amp;auto=webp&amp;s=984a56a18aac4e3c467be6875e1f5b8b"
Leaks and backdoors: China warns of security risks in relay services for foreign AI models,/u/Logical_Welder3467https://www.reddit.com/user/Logical_Welder3467,2026-06-09T23:20:33+00:00,https://www.reddit.com/r/technology/comments/1u1l9ic/leaks_and_backdoors_china_warns_of_security_risks/,0,119235464033386277025058449416708367723323234673467335631032119,new,"<table> <tr><td> <a href=""https://www.reddit.com/r/technology/comments/1u1l9ic/leaks_and_backdoors_china_warns_of_security_risks/""> <img src=""https://external-preview.redd.it/-d-o2f-EMMGBwFF35vpewjjXDwl4hfDZrOSULFaxQqI.jpeg?width=640&amp;crop=smart&amp;auto=webp&amp;s=f33ad3c8627702e5c0d58f44e941670"
Moonshot AI eyes US$30 billion valuation as China’s AI race intensifies,/u/Logical_Welder3467https://www.reddit.com/user/Logical_Welder3467,2026-06-09T23:19:56+00:00,https://www.reddit.com/r/technology/comments/1u1l8x4/moonshot_ai_eyes_us30_billion_valuation_as_chinas/,0,11843007722719464032871696986110897591317303032323467346733563483032118430,new,"<table> <tr><td> <a href=""https://www.reddit.com/r/technology/comments/1u1l8x4/moonshot_ai_eyes_us30_billion_valuation_as_chinas/""> <img src=""https://external-preview.redd.it/wNghUv0mG77uHV-t22r7ft1LuKuAXuBAcMPDfS9DLn4.jpeg?width=640&amp;crop=smart&amp;auto=webp&amp;s=3a28b7c16d9d6d98cc6110dae89cf75"
"SpaceX unveils 11-million-square-foot Gigasat factory, a new manufacturing facility for space-based data centers — aims for 1 GW/year of space AI compute by late 2027 from its satellites",/u/Logical_Welder3467https://www.reddit.com/user/Logical_Welder3467,2026-06-09T23:13:26+00:00,https://www.reddit.com/r/technology/comments/1u1l3er/spacex_unveils_11millionsquarefoot_gigasat/,0,1131100160094164040581367733831999598121621112027111202732323467346711120273211311,new,"<table> <tr><td> <a href=""https://www.reddit.com/r/technology/comments/1u1l3er/spacex_unveils_11millionsquarefoot_gigasat/""> <img src=""https://external-preview.redd.it/0d01ZjbYVLhWyQhMe60VSzPpVCMe0Q9A4jLYAUZS1QY.png?width=640&amp;crop=smart&amp;auto=webp&amp;s=b40d581fecf3677fc3f3e831d9b9b9c5981a216"
5-in-1 miniature surgical robot is the size of a seed,/u/_Dark_Winghttps://www.reddit.com/user/_Dark_Wing,2026-06-09T21:31:05+00:00,https://www.reddit.com/r/technology/comments/1u1ij7q/5in1_miniature_surgical_robot_is_the_size_of_a/,0,11751632962996405241124324798348098651513232513211751,new,"<table> <tr><td> <a href=""https://www.reddit.com/r/technology/comments/1u1ij7q/5in1_miniature_surgical_robot_is_the_size_of_a/""> <img src=""https://external-preview.redd.it/ter6hdAam3-H2Dp96xDpwXam2qF9DGPhzfQI9iGWqwk.jpeg?width=640&amp;crop=smart&amp;auto=webp&amp;s=a52a41d124bffa3a2bae47aa98348dd0dd"
High-severity vulnerability in Linux caused by a single faulty character,/u/fudge_uhttps://www.reddit.com/user/fudge_u,2026-06-09T19:45:58+00:00,https://www.reddit.com/r/technology/comments/1u1fngk/highseverity_vulnerability_in_linux_caused_by_a/,0,11801986402956695279950563932808086945832322026063211,new,"<table> <tr><td> <a href=""https://www.reddit.com/r/technology/comments/1u1fngk/highseverity_vulnerability_in_linux_caused_by_a/""> <img src=""https://external-preview.redd.it/w8YCaglt01DVzOSDwYhVt9sHHykhGBPWLtI8lbzHhmo.jpeg?width=640&amp;crop=smart&amp;auto=webp&amp;s=ed2f95c669f527b995ec05d6f39328e08"
Anthropic says these topics are too dangerous to let its Fable 5 model talk about,/u/fudge_uhttps://www.reddit.com/user/fudge_u,2026-06-09T19:42:52+00:00,https://www.reddit.com/r/technology/comments/1u1fkcf/anthropic_says_these_topics_are_too_dangerous_to/,0,11746867970640343227661631387711167485455323220260653211,new,"<table> <tr><td> <a href=""https://www.reddit.com/r/technology/comments/1u1fkcf/anthropic_says_these_topics_are_too_dangerous_to/""> <img src=""https://external-preview.redd.it/gC-7cWWdx4Yu-6McxX86WwmoVmqID7QmeA9ZIvuAn70.jpeg?width=640&amp;crop=smart&amp;auto=webp&amp;s=3bad43dc22ead7661ee63138c77e11a1"
"A fix for the Windows BitLocker bypass vulnerability dubbed ""YellowKey"" is available",/u/rkhunter_https://www.reddit.com/user/rkhunter_,2026-06-09T19:30:06+00:00,https://www.reddit.com/r/technology/comments/1u1f7hy/a_fix_for_the_windows_bitlocker_bypass/,0,323220265050732117,new,"&#32; submitted by &#32; <a href=""https://www.reddit.com/user/rkhunter_""> /u/rkhunter_ </a> <br/> <span><a href=""https://msrc.microsoft.com/update-guide/en-US/advisory/CVE-2026-50507"">[link]</a></span> &#32; <span><a href=""https://www.reddit.com/r/technology/comments/1u1f7hy/a_fix_for_the_windows_bi"
Apple finally lays out its AI plans with a brand new version of Siri,/u/IKeepItLayingAroundhttps://www.reddit.com/user/IKeepItLayingAround,2026-06-09T19:08:48+00:00,https://www.reddit.com/r/technology/comments/1u1ely1/apple_finally_lays_out_its_ai_plans_with_a_brand/,0,111424433640354289550251513547742425117232320930075825019908147573620260609045219721081072292178103191225132111,new,"<table> <tr><td> <a href=""https://www.reddit.com/r/technology/comments/1u1ely1/apple_finally_lays_out_its_ai_plans_with_a_brand/""> <img src=""https://external-preview.redd.it/e__Cgh4BgftYbb_HdbS2oWqr44oA3vaMWx_bHw3_xHw.jpeg?width=640&amp;crop=smart&amp;auto=webp&amp;s=cb35428b9f5e502f51d51354774b2ed4"
Anthropic rolls out public version of Mythos without cybersecurity capability,/u/talkingatomshttps://www.reddit.com/user/talkingatoms,2026-06-09T18:37:01+00:00,https://www.reddit.com/r/technology/comments/1u1dpsf/anthropic_rolls_out_public_version_of_mythos/,0,3232202606093211,new,"&#32; submitted by &#32; <a href=""https://www.reddit.com/user/talkingatoms""> /u/talkingatoms </a> <br/> <span><a href=""https://www.reuters.com/technology/anthropic-rolls-out-public-version-mythos-without-cybersecurity-capability-2026-06-09/"">[link]</a></span> &#32; <span><a href=""https://www.reddit."
Meta ordered by EU to allow rival AI chatbots back on WhatsApp for free,/u/talkingatomshttps://www.reddit.com/user/talkingatoms,2026-06-09T18:36:03+00:00,https://www.reddit.com/r/technology/comments/1u1dots/meta_ordered_by_eu_to_allow_rival_ai_chatbots/,0,3232202606093211,new,"&#32; submitted by &#32; <a href=""https://www.reddit.com/user/talkingatoms""> /u/talkingatoms </a> <br/> <span><a href=""https://www.reuters.com/world/eu-regulators-order-meta-allow-rival-ai-chatbots-free-access-whatsapp-2026-06-09/"">[link]</a></span> &#32; <span><a href=""https://www.reddit.com/r/tech"
Version of AI tool too powerful for public released to public,/u/ArgentineBeautyhttps://www.reddit.com/user/ArgentineBeauty,2026-06-09T18:27:01+00:00,https://www.reddit.com/r/technology/comments/1u1dfmh/version_of_ai_tool_too_powerful_for_public/,0,11287062316406542738775009495896329583232701163211,new,"<table> <tr><td> <a href=""https://www.reddit.com/r/technology/comments/1u1dfmh/version_of_ai_tool_too_powerful_for_public/""> <img src=""https://external-preview.redd.it/olg2tNa-8BIDWInyEcTM7N0iA6yP23grRds1UvTTBxE.jpeg?width=640&amp;crop=smart&amp;auto=webp&amp;s=6e5fc4fe2738e7abf75009fb49b58b963a2958"
What it feels like to work with Mythos,/u/ripcitybitchhttps://www.reddit.com/user/ripcitybitch,2026-06-09T18:16:01+00:00,https://www.reddit.com/r/technology/comments/1u1d4by/what_it_feels_like_to_work_with_mythos/,0,11466160294984640696190137710448589998129332325732114,new,"<table> <tr><td> <a href=""https://www.reddit.com/r/technology/comments/1u1d4by/what_it_feels_like_to_work_with_mythos/""> <img src=""https://external-preview.redd.it/66fE16jVs_rtVb02s_9cS4wYxKi9goiBJvNvJW8iei4.jpeg?width=640&amp;crop=smart&amp;auto=webp&amp;s=6961901f3c7ba7c1f0f448cd5a8ec9f9e98e1293"" "
"OpenAI plans stock market debut, setting up new race with Anthropic",/u/lurker_beehttps://www.reddit.com/user/lurker_bee,2026-06-09T17:47:02+00:00,https://www.reddit.com/r/technology/comments/1u1cak4/openai_plans_stock_market_debut_setting_up_new/,0,1141053236064087828476274596846879732329581532114,new,"<table> <tr><td> <a href=""https://www.reddit.com/r/technology/comments/1u1cak4/openai_plans_stock_market_debut_setting_up_new/""> <img src=""https://external-preview.redd.it/cBPWiIBJ1c0wHjIFoJrCP5-B3dpGofVN-2FJ3cD6xg0.jpeg?width=640&amp;crop=smart&amp;auto=webp&amp;s=8faf782fa847f62fe74ee59dff6e8a4fae"
NASA announces astronauts for its Artemis III mission to test new moon landers,/u/GiveMeSomeSunshine3https://www.reddit.com/user/GiveMeSomeSunshine3,2026-06-09T16:23:30+00:00,https://www.reddit.com/r/technology/comments/1u19w2f/nasa_announces_astronauts_for_its_artemis_iii/,0,11923142127640682575792271158971487115859323233347223321192,new,"<table> <tr><td> <a href=""https://www.reddit.com/r/technology/comments/1u19w2f/nasa_announces_astronauts_for_its_artemis_iii/""> <img src=""https://external-preview.redd.it/_EL3fncLjDUqhhGOj1SCF--jxr4f2PD1K2fiQ7OZARg.jpeg?width=640&amp;crop=smart&amp;auto=webp&amp;s=68b25fdf757a922cc71d15b89ed71487bf1"
Sweden set to ban mobile phones in schools,/u/lurker_beehttps://www.reddit.com/user/lurker_bee,2026-06-09T15:58:45+00:00,https://www.reddit.com/r/technology/comments/1u1964c/sweden_set_to_ban_mobile_phones_in_schools/,0,11964128488726408074505914066879397942732322026060911269673211964,new,"<table> <tr><td> <a href=""https://www.reddit.com/r/technology/comments/1u1964c/sweden_set_to_ban_mobile_phones_in_schools/""> <img src=""https://external-preview.redd.it/TKQU1hAJPo2rtYyto8T4aUNgHH_8-8_7PeXLbVnoG2A.jpeg?width=640&amp;crop=smart&amp;auto=webp&amp;s=a8de0cf7450f5914f0f668d7bfc9397fd9c4b2"
Meta launches $115 million data center job guarantee,/u/lurker_beehttps://www.reddit.com/user/lurker_bee,2026-06-09T15:55:59+00:00,https://www.reddit.com/r/technology/comments/1u193e5/meta_launches_115_million_data_center_job/,0,119351152764003702369208659763101151153232202606083211935115,new,"<table> <tr><td> <a href=""https://www.reddit.com/r/technology/comments/1u193e5/meta_launches_115_million_data_center_job/""> <img src=""https://external-preview.redd.it/YfCde2qcSUA7EzZGgPsqKdgjftaWkBjgHNQbZj_CPBE.jpeg?width=640&amp;crop=smart&amp;auto=webp&amp;s=ddbb0f3f7c0da23ef69208d65f97da6310caabc"
"White House, Hill relaunch effort to block state AI laws",/u/Just-Grocery-2229https://www.reddit.com/user/Just-Grocery-2229,2026-06-09T06:54:30+00:00,https://www.reddit.com/r/technology/comments/1u0xidk/white_house_hill_relaunch_effort_to_block_state/,0,104606926405318825245205001824162621323222292229202606083210,top,"<table> <tr><td> <a href=""https://www.reddit.com/r/technology/comments/1u0xidk/white_house_hill_relaunch_effort_to_block_state/""> <img src=""https://external-preview.redd.it/w4-UmOC6n0-oahF6AkPODQJzuzx9AaPKdqMfAEM-2Zo.jpeg?width=640&amp;crop=smart&amp;auto=webp&amp;s=ab53ed1882c524aec520fd5fdad001b82"
"A hydrogen submarine drone can now grab onto the seabed and silently watch a cable or pipeline for 16 days straight, with no ship overhead to give it away. Canada's defense agency owns this one",/u/_Dark_Winghttps://www.reddit.com/user/_Dark_Wing,2026-06-09T12:36:42+00:00,https://www.reddit.com/r/technology/comments/1u13r8n/a_hydrogen_submarine_drone_can_now_grab_onto_the/,0,11384944698640805712557158305480368672049601616323216321138,top,"<table> <tr><td> <a href=""https://www.reddit.com/r/technology/comments/1u13r8n/a_hydrogen_submarine_drone_can_now_grab_onto_the/""> <img src=""https://external-preview.redd.it/SjBflmU4wuIa9tIKlgRMj44U6_VDMyMP9qudiUnZno8.jpeg?width=640&amp;crop=smart&amp;auto=webp&amp;s=80e57f1255bea7d158305480aa36867a"
"More than a third of UK phone use is aimless scrolling, report suggests",/u/sr_localhttps://www.reddit.com/user/sr_local,2026-06-09T07:22:30+00:00,https://www.reddit.com/r/technology/comments/1u0y00j/more_than_a_third_of_uk_phone_use_is_aimless/,0,10005577206407538381497966622937764606990299532322505321000,top,"<table> <tr><td> <a href=""https://www.reddit.com/r/technology/comments/1u0y00j/more_than_a_third_of_uk_phone_use_is_aimless/""> <img src=""https://external-preview.redd.it/FoQxxTMVBn-kkDYJaEDqkovEkJ5deF5GdUMNRTX7720.jpeg?width=640&amp;crop=smart&amp;auto=webp&amp;s=75383814979d66622fb937ec76b46069f902"
"Researchers have, for the first time, created certifiably perfect random numbers using a quantum experiment. These can be used, for instance, for encrypting messages",/u/sr_localhttps://www.reddit.com/user/sr_local,2026-06-09T10:23:49+00:00,https://www.reddit.com/r/technology/comments/1u111nl/researchers_have_for_the_first_time_created/,0,11110769565674640762194204274589824517829523232202605321111,top,"<table> <tr><td> <a href=""https://www.reddit.com/r/technology/comments/1u111nl/researchers_have_for_the_first_time_created/""> <img src=""https://external-preview.redd.it/XewwQH0nsuF7Mhfxm-Wr6BPH9NDY5p6R5iE6l74_zfs.jpeg?width=640&amp;crop=smart&amp;auto=webp&amp;s=762f19a42eb0dfd42d7458982451b78adc295"
No news is bad news: The hidden threat of unchecked local misinformation,/u/Well_Socializedhttps://www.reddit.com/user/Well_Socialized,2026-06-09T13:37:19+00:00,https://www.reddit.com/r/technology/comments/1u158im/no_news_is_bad_news_the_hidden_threat_of/,0,3232321158,top,"&#32; submitted by &#32; <a href=""https://www.reddit.com/user/Well_Socialized""> /u/Well_Socialized </a> <br/> <span><a href=""https://www.smf.co.uk/publications/social-media-local-misinformation/"">[link]</a></span> &#32; <span><a href=""https://www.reddit.com/r/technology/comments/1u158im/no_news_is_b"
World’s first wind-powered underwater datacentre starts operating in China,/u/The_Flaneur_Filmshttps://www.reddit.com/user/The_Flaneur_Films,2026-06-09T08:46:24+00:00,https://www.reddit.com/r/technology/comments/1u0zdx9/worlds_first_windpowered_underwater_datacentre/,0,109109640532043868037891449151742772851323220260932109,top,"<table> <tr><td> <a href=""https://www.reddit.com/r/technology/comments/1u0zdx9/worlds_first_windpowered_underwater_datacentre/""> <img src=""https://external-preview.redd.it/pL1WY09FOgWGEKIiQAfVWfUGOHIZALX_aIINpSkytXE.jpeg?width=640&amp;crop=smart&amp;auto=webp&amp;s=532b04d38a68037891449151742a7ba7b2"
"Canadian government to ban social media for kids younger than 16, but will allow exemptions",/u/Immediate-Link490https://www.reddit.com/user/Immediate-Link490,2026-06-09T08:41:44+00:00,https://www.reddit.com/r/technology/comments/1u0zb5k/canadian_government_to_ban_social_media_for_kids/,0,10519053096408642623683586283126677264161632324904901632105,top,"<table> <tr><td> <a href=""https://www.reddit.com/r/technology/comments/1u0zb5k/canadian_government_to_ban_social_media_for_kids/""> <img src=""https://external-preview.redd.it/s19M0igp53FMwFUKXTiZ--TW0oDTeprWDlvvCoD9BcA.jpeg?width=640&amp;crop=smart&amp;auto=webp&amp;s=8ebce642e6c236d83586d283fa12667b"
Pentagon labels tech giant Alibaba and electric car maker BYD as aiding Chinese military,/u/Presently_Nakedhttps://www.reddit.com/user/Presently_Naked,2026-06-09T13:33:54+00:00,https://www.reddit.com/r/technology/comments/1u155hw/pentagon_labels_tech_giant_alibaba_and_electric/,0,3232213353740321155,top,"&#32; submitted by &#32; <a href=""https://www.reddit.com/user/Presently_Naked""> /u/Presently_Naked </a> <br/> <span><a href=""https://ca.finance.yahoo.com/news/pentagon-labels-tech-giant-alibaba-213353740.html"">[link]</a></span> &#32; <span><a href=""https://www.reddit.com/r/technology/comments/1u155h"
